trade_id,timestamp,trader_id,account_id,instrument,order_type,order_size,price,order_status,cancel_time_ms,session_id
TRD-L001,2026-05-20 09:44:00,T-1042,A-1042,HDFCBANK,BUY,47000,1622.50,CANCELLED,520,SES-1042-A
TRD-L002,2026-05-20 09:44:12,T-1042,A-1042,HDFCBANK,BUY,51000,1624.00,CANCELLED,480,SES-1042-A
TRD-L003,2026-05-20 09:44:23,T-1042,A-1042,HDFCBANK,BUY,48500,1623.50,CANCELLED,610,SES-1042-A
TRD-L004,2026-05-20 09:44:35,T-1042,A-1042,HDFCBANK,BUY,53000,1625.00,CANCELLED,550,SES-1042-A
TRD-L005,2026-05-20 09:44:47,T-1042,A-1042,HDFCBANK,BUY,46000,1621.50,CANCELLED,430,SES-1042-A
TRD-L006,2026-05-20 09:45:00,T-1042,A-1042,HDFCBANK,BUY,50000,1626.00,CANCELLED,700,SES-1042-A
TRD-L007,2026-05-20 09:45:12,T-1042,A-1042,HDFCBANK,BUY,54000,1628.50,CANCELLED,460,SES-1042-A
TRD-L008,2026-05-20 09:45:24,T-1042,A-1042,HDFCBANK,BUY,49000,1627.00,CANCELLED,580,SES-1042-A
TRD-L009,2026-05-20 09:45:36,T-1042,A-1042,HDFCBANK,BUY,52000,1630.00,CANCELLED,640,SES-1042-A
TRD-L010,2026-05-20 09:45:48,T-1042,A-1042,HDFCBANK,BUY,47500,1629.50,CANCELLED,490,SES-1042-A
TRD-L011,2026-05-20 09:46:00,T-1042,A-1042,HDFCBANK,BUY,55000,1631.00,CANCELLED,760,SES-1042-A
TRD-L012,2026-05-20 09:46:20,T-1042,A-1042,HDFCBANK,BUY,50500,1633.50,CANCELLED,420,SES-1042-A
TRD-L013,2026-05-20 09:46:40,T-1042,A-1042,HDFCBANK,SELL,48000,1641.00,EXECUTED,0,SES-1042-A
TRD-L014,2026-05-20 09:47:00,T-1042,A-1042,HDFCBANK,SELL,51000,1641.00,EXECUTED,0,SES-1042-A
TRD-S001,2026-05-21 10:15:00,T-2891,A-2891,RELIANCE,BUY,80000,2892.00,CANCELLED,220,SES-2891-B
TRD-S002,2026-05-21 10:15:08,T-2891,A-2891,RELIANCE,BUY,80000,2894.50,CANCELLED,195,SES-2891-B
TRD-S003,2026-05-21 10:15:16,T-2891,A-2891,RELIANCE,BUY,80000,2896.00,CANCELLED,340,SES-2891-B
TRD-S004,2026-05-21 10:15:24,T-2891,A-2891,RELIANCE,BUY,80000,2898.50,CANCELLED,280,SES-2891-B
TRD-S005,2026-05-21 10:15:32,T-2891,A-2891,RELIANCE,BUY,80000,2900.00,CANCELLED,180,SES-2891-B
TRD-S006,2026-05-21 10:15:40,T-2891,A-2891,RELIANCE,BUY,80000,2901.50,CANCELLED,450,SES-2891-B
TRD-S007,2026-05-21 10:15:48,T-2891,A-2891,RELIANCE,BUY,80000,2903.00,CANCELLED,390,SES-2891-B
TRD-S008,2026-05-21 10:16:00,T-2891,A-2891,RELIANCE,BUY,80000,2905.00,CANCELLED,490,SES-2891-B
TRD-S009,2026-05-21 10:16:30,T-2891,A-2891,RELIANCE,SELL,80000,2912.00,EXECUTED,0,SES-2891-B
TRD-W001,2026-05-22 11:30:00,T-3301,A-3301,INFY,BUY,10000,1845.00,EXECUTED,0,SES-3301-C1
TRD-W002,2026-05-22 11:30:18,T-3301,A-3302,INFY,SELL,10000,1846.00,EXECUTED,0,SES-3301-C2
TRD-N001,2026-05-20 09:15:32,T-0001,A-0001,HDFCBANK,BUY,500,1618.50,EXECUTED,0,SES-0001-A
TRD-N002,2026-05-20 09:17:45,T-0002,A-0002,RELIANCE,SELL,300,2885.00,EXECUTED,0,SES-0002-A
TRD-N003,2026-05-20 09:20:10,T-0003,A-0003,INFY,BUY,1000,1840.00,EXECUTED,0,SES-0003-A
TRD-N004,2026-05-20 09:22:33,T-0004,A-0004,TCS,SELL,200,3850.00,EXECUTED,0,SES-0004-A
TRD-N005,2026-05-20 09:25:18,T-0005,A-0005,ICICIBANK,BUY,750,1125.50,EXECUTED,0,SES-0005-A
TRD-N006,2026-05-20 09:27:42,T-0006,A-0006,WIPRO,SELL,1500,465.00,EXECUTED,0,SES-0006-A
TRD-N007,2026-05-20 09:30:05,T-0007,A-0007,SBIN,BUY,2000,785.00,EXECUTED,0,SES-0007-A
TRD-N008,2026-05-20 09:32:19,T-0008,A-0008,HDFCBANK,SELL,400,1620.00,EXECUTED,0,SES-0008-A
TRD-N009,2026-05-20 09:34:44,T-0009,A-0009,RELIANCE,BUY,600,2888.00,CANCELLED,1200,SES-0009-A
TRD-N010,2026-05-20 09:37:08,T-0010,A-0010,INFY,SELL,800,1842.00,EXECUTED,0,SES-0010-A
TRD-N011,2026-05-20 09:39:33,T-0011,A-0011,TCS,BUY,350,3855.00,EXECUTED,0,SES-0011-A
TRD-N012,2026-05-20 09:41:57,T-0012,A-0012,ICICIBANK,SELL,900,1128.00,EXECUTED,0,SES-0012-A
TRD-N013,2026-05-20 09:48:21,T-0013,A-0013,WIPRO,BUY,1200,467.50,EXECUTED,0,SES-0013-A
TRD-N014,2026-05-20 09:50:46,T-0014,A-0014,SBIN,SELL,1800,788.00,EXECUTED,0,SES-0014-A
TRD-N015,2026-05-20 09:53:10,T-0015,A-0015,HDFCBANK,BUY,250,1619.00,EXECUTED,0,SES-0015-A
TRD-N016,2026-05-20 09:55:35,T-0016,A-0016,RELIANCE,SELL,450,2890.00,CANCELLED,980,SES-0016-A
TRD-N017,2026-05-20 09:57:59,T-0017,A-0017,INFY,BUY,700,1843.50,EXECUTED,0,SES-0017-A
TRD-N018,2026-05-20 10:00:23,T-0018,A-0018,TCS,SELL,1100,3860.00,EXECUTED,0,SES-0018-A
TRD-N019,2026-05-20 10:02:48,T-0019,A-0019,ICICIBANK,BUY,850,1130.00,EXECUTED,0,SES-0019-A
TRD-N020,2026-05-20 10:05:12,T-0020,A-0020,WIPRO,SELL,2000,470.00,EXECUTED,0,SES-0020-A
TRD-N021,2026-05-20 10:07:36,T-0021,A-0021,SBIN,BUY,500,790.00,EXECUTED,0,SES-0021-A
TRD-N022,2026-05-20 10:10:01,T-0022,A-0022,HDFCBANK,SELL,1500,1622.00,EXECUTED,0,SES-0022-A
TRD-N023,2026-05-20 10:12:25,T-0023,A-0023,RELIANCE,BUY,300,2892.50,EXECUTED,0,SES-0023-A
TRD-N024,2026-05-20 10:14:50,T-0024,A-0024,INFY,SELL,950,1846.00,EXECUTED,0,SES-0024-A
TRD-N025,2026-05-20 10:17:14,T-0025,A-0025,TCS,BUY,400,3858.00,EXECUTED,0,SES-0025-A
TRD-N026,2026-05-20 10:19:38,T-0026,A-0026,ICICIBANK,SELL,600,1132.50,CANCELLED,1500,SES-0026-A
TRD-N027,2026-05-20 10:22:03,T-0027,A-0027,WIPRO,BUY,1000,468.00,EXECUTED,0,SES-0027-A
TRD-N028,2026-05-20 10:24:27,T-0028,A-0028,SBIN,SELL,2500,792.00,EXECUTED,0,SES-0028-A
TRD-N029,2026-05-20 10:26:52,T-0029,A-0029,HDFCBANK,BUY,700,1621.50,EXECUTED,0,SES-0029-A
TRD-N030,2026-05-20 10:29:16,T-0030,A-0030,RELIANCE,SELL,1200,2895.00,EXECUTED,0,SES-0030-A
TRD-N031,2026-05-20 10:31:40,T-0031,A-0031,INFY,BUY,800,1841.00,EXECUTED,0,SES-0031-A
TRD-N032,2026-05-20 10:34:05,T-0032,A-0032,TCS,SELL,1500,3862.00,EXECUTED,0,SES-0032-A
TRD-N033,2026-05-20 10:36:29,T-0033,A-0033,ICICIBANK,BUY,2000,1127.00,EXECUTED,0,SES-0033-A
TRD-N034,2026-05-20 10:38:54,T-0034,A-0034,WIPRO,SELL,300,472.00,EXECUTED,0,SES-0034-A
TRD-N035,2026-05-20 10:41:18,T-0035,A-0035,SBIN,BUY,1800,793.00,EXECUTED,0,SES-0035-A
TRD-N036,2026-05-20 10:43:42,T-0036,A-0036,HDFCBANK,SELL,500,1623.00,CANCELLED,2100,SES-0036-A
TRD-N037,2026-05-20 10:46:07,T-0037,A-0037,RELIANCE,BUY,900,2897.00,EXECUTED,0,SES-0037-A
TRD-N038,2026-05-20 10:48:31,T-0038,A-0038,INFY,SELL,1100,1848.00,EXECUTED,0,SES-0038-A
TRD-N039,2026-05-20 10:50:56,T-0039,A-0039,TCS,BUY,600,3856.00,EXECUTED,0,SES-0039-A
TRD-N040,2026-05-20 10:53:20,T-0040,A-0040,ICICIBANK,SELL,2500,1133.00,EXECUTED,0,SES-0040-A
TRD-N041,2026-05-20 10:55:44,T-0041,A-0041,WIPRO,BUY,1500,469.50,EXECUTED,0,SES-0041-A
TRD-N042,2026-05-20 10:58:09,T-0042,A-0042,SBIN,SELL,400,795.00,EXECUTED,0,SES-0042-A
TRD-N043,2026-05-20 11:00:33,T-0043,A-0043,HDFCBANK,BUY,1000,1624.00,EXECUTED,0,SES-0043-A
TRD-N044,2026-05-20 11:02:57,T-0044,A-0044,RELIANCE,SELL,750,2900.00,EXECUTED,0,SES-0044-A
TRD-N045,2026-05-20 11:05:22,T-0045,A-0045,INFY,BUY,200,1844.50,EXECUTED,0,SES-0045-A
TRD-N046,2026-05-20 11:07:46,T-0046,A-0046,TCS,SELL,1800,3865.00,EXECUTED,0,SES-0046-A
TRD-N047,2026-05-20 11:10:10,T-0047,A-0047,ICICIBANK,BUY,300,1129.50,EXECUTED,0,SES-0047-A
TRD-N048,2026-05-20 11:12:35,T-0048,A-0048,WIPRO,SELL,900,473.00,CANCELLED,1800,SES-0048-A
TRD-N049,2026-05-20 11:14:59,T-0049,A-0049,SBIN,BUY,700,796.00,EXECUTED,0,SES-0049-A
TRD-N050,2026-05-20 11:17:24,T-0050,A-0050,HDFCBANK,SELL,2000,1626.00,EXECUTED,0,SES-0050-A
TRD-N051,2026-05-20 11:19:48,T-0051,A-0051,RELIANCE,BUY,1200,2902.00,EXECUTED,0,SES-0051-A
TRD-N052,2026-05-20 11:22:12,T-0052,A-0052,INFY,SELL,500,1847.00,EXECUTED,0,SES-0052-A
TRD-N053,2026-05-20 11:24:37,T-0053,A-0053,TCS,BUY,850,3859.00,EXECUTED,0,SES-0053-A
TRD-N054,2026-05-20 11:27:01,T-0054,A-0054,ICICIBANK,SELL,1600,1135.00,EXECUTED,0,SES-0054-A
TRD-N055,2026-05-20 11:29:26,T-0055,A-0055,WIPRO,BUY,2000,471.50,EXECUTED,0,SES-0055-A
TRD-N056,2026-05-20 11:31:50,T-0056,A-0056,SBIN,SELL,1500,797.00,EXECUTED,0,SES-0056-A
TRD-N057,2026-05-20 11:34:14,T-0057,A-0057,HDFCBANK,BUY,400,1625.50,EXECUTED,0,SES-0057-A
TRD-N058,2026-05-20 11:36:39,T-0058,A-0058,RELIANCE,SELL,600,2905.00,EXECUTED,0,SES-0058-A
TRD-N059,2026-05-20 11:39:03,T-0059,A-0059,INFY,BUY,1000,1849.00,EXECUTED,0,SES-0059-A
TRD-N060,2026-05-20 11:41:27,T-0060,A-0060,TCS,SELL,300,3868.00,EXECUTED,0,SES-0060-A
TRD-N061,2026-05-20 11:43:52,T-0061,A-0061,ICICIBANK,BUY,2500,1131.00,EXECUTED,0,SES-0061-A
TRD-N062,2026-05-20 11:46:16,T-0062,A-0062,WIPRO,SELL,800,474.50,EXECUTED,0,SES-0062-A
TRD-N063,2026-05-20 11:48:40,T-0063,A-0063,SBIN,BUY,1200,798.50,EXECUTED,0,SES-0063-A
TRD-N064,2026-05-20 11:51:05,T-0064,A-0064,HDFCBANK,SELL,1800,1628.00,CANCELLED,900,SES-0064-A
TRD-N065,2026-05-20 11:53:29,T-0065,A-0065,RELIANCE,BUY,900,2908.00,EXECUTED,0,SES-0065-A
TRD-N066,2026-05-20 11:55:54,T-0066,A-0066,INFY,SELL,1500,1851.00,EXECUTED,0,SES-0066-A
TRD-N067,2026-05-20 11:58:18,T-0067,A-0067,TCS,BUY,500,3862.00,EXECUTED,0,SES-0067-A
TRD-N068,2026-05-20 12:00:42,T-0068,A-0068,ICICIBANK,SELL,700,1136.50,EXECUTED,0,SES-0068-A
TRD-N069,2026-05-20 12:03:07,T-0069,A-0069,WIPRO,BUY,1000,476.00,EXECUTED,0,SES-0069-A
TRD-N070,2026-05-20 12:05:31,T-0070,A-0070,SBIN,SELL,2000,800.00,EXECUTED,0,SES-0070-A
TRD-N071,2026-05-20 12:07:55,T-0071,A-0071,HDFCBANK,BUY,600,1627.00,EXECUTED,0,SES-0071-A
TRD-N072,2026-05-20 12:10:20,T-0072,A-0072,RELIANCE,SELL,1100,2910.00,EXECUTED,0,SES-0072-A
TRD-N073,2026-05-20 12:12:44,T-0073,A-0073,INFY,BUY,800,1850.00,EXECUTED,0,SES-0073-A
TRD-N074,2026-05-20 12:15:09,T-0074,A-0074,TCS,SELL,1400,3870.00,EXECUTED,0,SES-0074-A
TRD-N075,2026-05-20 12:17:33,T-0075,A-0075,ICICIBANK,BUY,2000,1138.00,EXECUTED,0,SES-0075-A
TRD-N076,2026-05-20 12:19:57,T-0076,A-0076,WIPRO,SELL,500,477.50,CANCELLED,1600,SES-0076-A
TRD-N077,2026-05-20 12:22:22,T-0077,A-0077,SBIN,BUY,1500,801.00,EXECUTED,0,SES-0077-A
TRD-N078,2026-05-20 12:24:46,T-0078,A-0078,HDFCBANK,SELL,900,1630.00,EXECUTED,0,SES-0078-A
TRD-N079,2026-05-20 12:27:10,T-0079,A-0079,RELIANCE,BUY,700,2912.00,EXECUTED,0,SES-0079-A
TRD-N080,2026-05-20 12:29:35,T-0080,A-0080,INFY,SELL,300,1853.00,EXECUTED,0,SES-0080-A
TRD-N081,2026-05-20 12:31:59,T-0081,A-0081,TCS,BUY,1000,3865.00,EXECUTED,0,SES-0081-A
TRD-N082,2026-05-20 12:34:24,T-0082,A-0082,ICICIBANK,SELL,1800,1140.00,EXECUTED,0,SES-0082-A
TRD-N083,2026-05-20 12:36:48,T-0083,A-0083,WIPRO,BUY,2500,479.00,EXECUTED,0,SES-0083-A
TRD-N084,2026-05-20 12:39:12,T-0084,A-0084,SBIN,SELL,1200,803.00,EXECUTED,0,SES-0084-A
TRD-N085,2026-05-20 12:41:37,T-0085,A-0085,HDFCBANK,BUY,400,1629.00,EXECUTED,0,SES-0085-A
TRD-N086,2026-05-20 12:44:01,T-0086,A-0086,RELIANCE,SELL,2000,2915.00,EXECUTED,0,SES-0086-A
TRD-N087,2026-05-20 12:46:25,T-0087,A-0087,INFY,BUY,600,1852.00,EXECUTED,0,SES-0087-A
TRD-N088,2026-05-20 12:48:50,T-0088,A-0088,TCS,SELL,800,3872.00,EXECUTED,0,SES-0088-A
TRD-N089,2026-05-20 12:51:14,T-0089,A-0089,ICICIBANK,BUY,1400,1142.50,CANCELLED,2200,SES-0089-A
TRD-N090,2026-05-20 12:53:38,T-0090,A-0090,WIPRO,SELL,1000,480.50,EXECUTED,0,SES-0090-A
TRD-N091,2026-05-20 12:56:03,T-0091,A-0091,SBIN,BUY,2500,804.00,EXECUTED,0,SES-0091-A
TRD-N092,2026-05-20 12:58:27,T-0092,A-0092,HDFCBANK,SELL,700,1631.50,EXECUTED,0,SES-0092-A
TRD-N093,2026-05-20 13:00:52,T-0093,A-0093,RELIANCE,BUY,1500,2918.00,EXECUTED,0,SES-0093-A
TRD-N094,2026-05-20 13:03:16,T-0094,A-0094,INFY,SELL,900,1855.00,EXECUTED,0,SES-0094-A
TRD-N095,2026-05-20 13:05:40,T-0095,A-0095,TCS,BUY,200,3868.00,EXECUTED,0,SES-0095-A
TRD-N096,2026-05-20 13:08:05,T-0096,A-0096,ICICIBANK,SELL,2000,1144.00,EXECUTED,0,SES-0096-A
TRD-N097,2026-05-20 13:10:29,T-0097,A-0097,WIPRO,BUY,1200,482.00,EXECUTED,0,SES-0097-A
TRD-N098,2026-05-20 13:12:54,T-0098,A-0098,SBIN,SELL,500,806.00,EXECUTED,0,SES-0098-A
TRD-N099,2026-05-20 13:15:18,T-0099,A-0099,HDFCBANK,BUY,1800,1633.00,EXECUTED,0,SES-0099-A
TRD-N100,2026-05-20 13:17:42,T-0001,A-0001,RELIANCE,SELL,800,2920.00,EXECUTED,0,SES-0001-B
TRD-N101,2026-05-20 13:20:07,T-0002,A-0002,INFY,BUY,1000,1854.00,EXECUTED,0,SES-0002-B
TRD-N102,2026-05-20 13:22:31,T-0003,A-0003,TCS,SELL,1500,3875.00,EXECUTED,0,SES-0003-B
TRD-N103,2026-05-20 13:24:56,T-0004,A-0004,ICICIBANK,BUY,600,1145.00,EXECUTED,0,SES-0004-B
TRD-N104,2026-05-20 13:27:20,T-0005,A-0005,WIPRO,SELL,2000,483.50,CANCELLED,1900,SES-0005-B
TRD-N105,2026-05-20 13:29:44,T-0006,A-0006,SBIN,BUY,1200,807.00,EXECUTED,0,SES-0006-B
TRD-N106,2026-05-20 13:32:09,T-0007,A-0007,HDFCBANK,SELL,400,1635.00,EXECUTED,0,SES-0007-B
TRD-N107,2026-05-20 13:34:33,T-0008,A-0008,RELIANCE,BUY,900,2922.00,EXECUTED,0,SES-0008-B
TRD-N108,2026-05-20 13:36:57,T-0009,A-0009,INFY,SELL,700,1857.00,EXECUTED,0,SES-0009-B
TRD-N109,2026-05-20 13:39:22,T-0010,A-0010,TCS,BUY,2500,3870.00,EXECUTED,0,SES-0010-B
TRD-N110,2026-05-20 13:41:46,T-0011,A-0011,ICICIBANK,SELL,1400,1147.00,EXECUTED,0,SES-0011-B
TRD-N111,2026-05-20 13:44:10,T-0012,A-0012,WIPRO,BUY,500,485.00,EXECUTED,0,SES-0012-B
TRD-N112,2026-05-20 13:46:35,T-0013,A-0013,SBIN,SELL,1800,808.50,EXECUTED,0,SES-0013-B
TRD-N113,2026-05-20 13:48:59,T-0014,A-0014,HDFCBANK,BUY,1000,1634.00,EXECUTED,0,SES-0014-B
TRD-N114,2026-05-20 13:51:24,T-0015,A-0015,RELIANCE,SELL,600,2925.00,Executed,0,SES-0015-B
TRD-N115,2026-05-20 13:53:48,T-0016,A-0016,INFY,BUY,300,1856.00,EXECUTED,0,SES-0016-B
TRD-N116,2026-05-20 13:56:12,T-0017,A-0017,TCS,SELL,1200,3878.00,EXECUTED,0,SES-0017-B
TRD-N117,2026-05-20 13:58:37,T-0018,A-0018,ICICIBANK,BUY,2000,1149.00,EXECUTED,0,SES-0018-B
TRD-N118,2026-05-20 14:01:01,T-0019,A-0019,WIPRO,SELL,800,486.50,EXECUTED,0,SES-0019-B
TRD-N119,2026-05-20 14:03:25,T-0020,A-0020,SBIN,BUY,1500,810.00,EXECUTED,0,SES-0020-B
TRD-N120,2026-05-20 14:05:50,T-0021,A-0021,HDFCBANK,SELL,700,1636.50,CANCELLED,1700,SES-0021-B
TRD-N121,2026-05-20 14:08:14,T-0022,A-0022,RELIANCE,BUY,1100,2927.00,EXECUTED,0,SES-0022-B
TRD-N122,2026-05-20 14:10:38,T-0023,A-0023,INFY,SELL,900,1859.00,EXECUTED,0,SES-0023-B
TRD-N123,2026-05-20 14:13:03,T-0024,A-0024,TCS,BUY,400,3875.00,EXECUTED,0,SES-0024-B
TRD-N124,2026-05-20 14:15:27,T-0025,A-0025,ICICIBANK,SELL,1600,1151.00,EXECUTED,0,SES-0025-B
TRD-N125,2026-05-20 14:17:51,T-0026,A-0026,WIPRO,BUY,2500,488.00,EXECUTED,0,SES-0026-B
TRD-N126,2026-05-20 14:20:16,T-0027,A-0027,SBIN,SELL,1200,812.00,EXECUTED,0,SES-0027-B
TRD-N127,2026-05-20 14:22:40,T-0028,A-0028,HDFCBANK,BUY,500,1638.00,EXECUTED,0,SES-0028-B
TRD-N128,2026-05-20 14:25:04,T-0029,A-0029,RELIANCE,SELL,2000,2930.00,EXECUTED,0,SES-0029-B
TRD-N129,2026-05-20 14:27:29,T-0030,A-0030,INFY,BUY,800,1861.00,EXECUTED,0,SES-0030-B
TRD-N130,2026-05-20 14:29:53,T-0031,A-0031,TCS,SELL,1500,3880.00,EXECUTED,0,SES-0031-B
TRD-N131,2026-05-20 14:32:17,T-0032,A-0032,ICICIBANK,BUY,700,1153.00,EXECUTED,0,SES-0032-B
TRD-N132,2026-05-20 14:34:42,T-0033,A-0033,WIPRO,SELL,1000,489.50,EXECUTED,0,SES-0033-B
TRD-N133,2026-05-20 14:37:06,T-0034,A-0034,SBIN,BUY,2000,813.50,CANCELLED,2000,SES-0034-B
TRD-N134,2026-05-20 14:39:30,T-0035,A-0035,HDFCBANK,SELL,1800,1640.00,EXECUTED,0,SES-0035-B
TRD-N135,2026-05-20 14:41:55,T-0036,A-0036,RELIANCE,BUY,600,2932.00,EXECUTED,0,SES-0036-B
TRD-N136,2026-05-20 14:44:19,T-0037,A-0037,INFY,SELL,300,1863.00,EXECUTED,0,SES-0037-B
TRD-N137,2026-05-20 14:46:43,T-0038,A-0038,TCS,BUY,1200,3882.00,EXECUTED,0,SES-0038-B
TRD-N138,2026-05-20 14:49:08,T-0039,A-0039,ICICIBANK,SELL,2500,1155.00,EXECUTED,0,SES-0039-B
TRD-N139,2026-05-20 14:51:32,T-0040,A-0040,WIPRO,BUY,900,491.00,EXECUTED,0,SES-0040-B
TRD-N140,2026-05-20 14:53:56,T-0041,A-0041,SBIN,SELL,1500,815.00,EXECUTED,0,SES-0041-B
TRD-N141,2026-05-20 14:56:21,T-0042,A-0042,HDFCBANK,BUY,400,1639.00,EXECUTED,0,SES-0042-B
TRD-N142,2026-05-20 14:58:45,T-0043,A-0043,RELIANCE,SELL,1000,2935.00,EXECUTED,0,SES-0043-B
TRD-N143,2026-05-20 15:01:09,T-0044,A-0044,INFY,BUY,700,1864.00,EXECUTED,0,SES-0044-B
TRD-N144,2026-05-20 15:03:34,T-0045,A-0045,TCS,SELL,1800,3885.00,EXECUTED,0,SES-0045-B
TRD-N145,2026-05-20 15:05:58,T-0046,A-0046,ICICIBANK,BUY,600,1157.00,CANCELLED,1300,SES-0046-B
TRD-N146,2026-05-20 15:08:22,T-0047,A-0047,WIPRO,SELL,2000,492.50,EXECUTED,0,SES-0047-B
TRD-N147,2026-05-20 15:10:47,T-0048,A-0048,SBIN,BUY,1200,816.50,EXECUTED,0,SES-0048-B
TRD-N148,2026-05-20 15:13:11,T-0049,A-0049,HDFCBANK,SELL,500,1641.50,EXECUTED,0,SES-0049-B
TRD-N149,2026-05-20 15:15:35,T-0050,A-0050,RELIANCE,BUY,900,2937.00,EXECUTED,0,SES-0050-B
TRD-N150,2026-05-20 15:18:00,T-0051,A-0051,INFY,SELL,1100,1866.00,EXECUTED,0,SES-0051-B
TRD-N151,2026-05-21 09:15:22,T-0052,A-0052,TCS,BUY,800,3880.00,EXECUTED,0,SES-0052-C
TRD-N152,2026-05-21 09:17:46,T-0053,A-0053,ICICIBANK,SELL,1400,1158.00,EXECUTED,0,SES-0053-C
TRD-N153,2026-05-21 09:20:10,T-0054,A-0054,WIPRO,BUY,2000,494.00,EXECUTED,0,SES-0054-C
TRD-N154,2026-05-21 09:22:35,T-0055,A-0055,SBIN,SELL,600,817.00,EXECUTED,0,SES-0055-C
TRD-N155,2026-05-21 09:24:59,T-0056,A-0056,HDFCBANK,BUY,1500,1642.00,EXECUTED,0,SES-0056-C
TRD-N156,2026-05-21 09:27:23,T-0057,A-0057,RELIANCE,SELL,900,2938.00,CANCELLED,1100,SES-0057-C
TRD-N157,2026-05-21 09:29:48,T-0058,A-0058,INFY,BUY,400,1865.00,EXECUTED,0,SES-0058-C
TRD-N158,2026-05-21 09:32:12,T-0059,A-0059,TCS,SELL,1200,3883.00,EXECUTED,0,SES-0059-C
TRD-N159,2026-05-21 09:34:36,T-0060,A-0060,ICICIBANK,BUY,700,1160.00,EXECUTED,0,SES-0060-C
TRD-N160,2026-05-21 09:37:01,T-0061,A-0061,WIPRO,SELL,2500,495.50,EXECUTED,0,SES-0061-C
TRD-N161,2026-05-21 09:39:25,T-0062,A-0062,SBIN,BUY,1000,818.50,EXECUTED,0,SES-0062-C
TRD-N162,2026-05-21 09:41:49,T-0063,A-0063,HDFCBANK,SELL,1800,1644.00,EXECUTED,0,SES-0063-C
TRD-N163,2026-05-21 09:44:14,T-0064,A-0064,RELIANCE,BUY,600,2940.00,EXECUTED,0,SES-0064-C
TRD-N164,2026-05-21 09:46:38,T-0065,A-0065,INFY,SELL,300,1867.00,EXECUTED,0,SES-0065-C
TRD-N165,2026-05-21 09:49:02,T-0066,A-0066,TCS,BUY,1500,3886.00,EXECUTED,0,SES-0066-C
TRD-N166,2026-05-21 09:51:27,T-0067,A-0067,ICICIBANK,SELL,900,1162.00,EXECUTED,0,SES-0067-C
TRD-N167,2026-05-21 09:53:51,T-0068,A-0068,WIPRO,BUY,2000,497.00,CANCELLED,1400,SES-0068-C
TRD-N168,2026-05-21 09:56:15,T-0069,A-0069,SBIN,SELL,1200,820.00,EXECUTED,0,SES-0069-C
TRD-N169,2026-05-21 09:58:40,T-0070,A-0070,HDFCBANK,BUY,500,1645.50,EXECUTED,0,SES-0070-C
TRD-N170,2026-05-21 10:01:04,T-0071,A-0071,RELIANCE,SELL,1500,2942.00,EXECUTED,0,SES-0071-C
TRD-N171,2026-05-21 10:03:28,T-0072,A-0072,INFY,BUY,800,1869.00,EXECUTED,0,SES-0072-C
TRD-N172,2026-05-21 10:05:53,T-0073,A-0073,TCS,SELL,400,3888.00,EXECUTED,0,SES-0073-C
TRD-N173,2026-05-21 10:08:17,T-0074,A-0074,ICICIBANK,BUY,1800,1164.00,EXECUTED,0,SES-0074-C
TRD-N174,2026-05-21 10:10:41,T-0075,A-0075,WIPRO,SELL,700,498.50,EXECUTED,0,SES-0075-C
TRD-N175,2026-05-21 10:13:06,T-0076,A-0076,SBIN,BUY,2500,821.50,EXECUTED,0,SES-0076-C
TRD-N176,2026-05-21 10:17:30,T-0077,A-0077,HDFCBANK,SELL,1000,1647.00,EXECUTED,0,SES-0077-C
TRD-N177,2026-05-21 10:19:54,T-0078,A-0078,RELIANCE,BUY,600,2944.00,EXECUTED,0,SES-0078-C
TRD-N178,2026-05-21 10:22:18,T-0079,A-0079,INFY,SELL,1200,1871.00,EXECUTED,0,SES-0079-C
TRD-N179,2026-05-21 10:24:43,T-0080,A-0080,TCS,BUY,900,3890.00,CANCELLED,1800,SES-0080-C
TRD-N180,2026-05-21 10:27:07,T-0081,A-0081,ICICIBANK,SELL,2000,1166.00,EXECUTED,0,SES-0081-C
TRD-N181,2026-05-21 10:29:31,T-0082,A-0082,WIPRO,BUY,1500,500.00,EXECUTED,0,SES-0082-C
TRD-N182,2026-05-21 10:31:56,T-0083,A-0083,SBIN,SELL,800,823.00,EXECUTED,0,SES-0083-C
TRD-N183,2026-05-21 10:34:20,T-0084,A-0084,HDFCBANK,BUY,400,1648.50,EXECUTED,0,SES-0084-C
TRD-N184,2026-05-21 10:36:44,T-0085,A-0085,RELIANCE,SELL,1800,2946.00,EXECUTED,0,SES-0085-C
TRD-N185,2026-05-21 10:39:09,T-0086,A-0086,INFY,BUY,700,1872.00,EXECUTED,0,SES-0086-C
TRD-N186,2026-05-21 10:41:33,T-0087,A-0087,TCS,SELL,300,3892.00,EXECUTED,0,SES-0087-C
TRD-N187,2026-05-21 10:43:57,T-0088,A-0088,ICICIBANK,BUY,2500,1168.00,EXECUTED,0,SES-0088-C
TRD-N188,2026-05-21 10:46:22,T-0089,A-0089,WIPRO,SELL,1000,501.50,EXECUTED,0,SES-0089-C
TRD-N189,2026-05-21 10:48:46,T-0090,A-0090,SBIN,BUY,1200,824.50,CANCELLED,1600,SES-0090-C
TRD-N190,2026-05-21 10:51:10,T-0091,A-0091,HDFCBANK,SELL,600,1650.00,EXECUTED,0,SES-0091-C
TRD-N191,2026-05-21 10:53:35,T-0092,A-0092,RELIANCE,BUY,1500,2948.00,EXECUTED,0,SES-0092-C
TRD-N192,2026-05-21 10:55:59,T-0093,A-0093,INFY,SELL,900,1874.00,EXECUTED,0,SES-0093-C
TRD-N193,2026-05-21 10:58:23,T-0094,A-0094,TCS,BUY,500,3895.00,EXECUTED,0,SES-0094-C
TRD-N194,2026-05-21 11:00:48,T-0095,A-0095,ICICIBANK,SELL,1400,1170.00,EXECUTED,0,SES-0095-C
TRD-N195,2026-05-21 11:03:12,T-0096,A-0096,WIPRO,BUY,2000,503.00,EXECUTED,0,SES-0096-C
TRD-N196,2026-05-21 11:05:36,T-0097,A-0097,SBIN,SELL,800,826.00,EXECUTED,0,SES-0097-C
TRD-N197,2026-05-21 11:08:01,T-0098,A-0098,HDFCBANK,BUY,1200,1651.50,EXECUTED,0,SES-0098-C
TRD-N198,2026-05-21 11:10:25,T-0099,A-0099,RELIANCE,SELL,700,2950.00,EXECUTED,0,SES-0099-C
TRD-N199,2026-05-21 11:12:49,T-0001,A-0001,INFY,BUY,1000,1876.00,EXECUTED,0,SES-0001-D
TRD-N200,2026-05-21 11:15:14,T-0002,A-0002,TCS,SELL,2500,3897.00,EXECUTED,0,SES-0002-D
TRD-N201,2026-05-21 11:17:38,T-0003,A-0003,ICICIBANK,BUY,400,1172.00,EXECUTED,0,SES-0003-D
TRD-N202,2026-05-21 11:20:02,T-0004,A-0004,WIPRO,SELL,1800,504.50,EXECUTED,0,SES-0004-D
TRD-N203,2026-05-21 11:22:27,T-0005,A-0005,SBIN,BUY,600,827.50,CANCELLED,2100,SES-0005-D
TRD-N204,2026-05-21 11:24:51,T-0006,A-0006,HDFCBANK,SELL,1500,1653.00,EXECUTED,0,SES-0006-D
TRD-N205,2026-05-21 11:27:15,T-0007,A-0007,RELIANCE,BUY,900,2952.00,EXECUTED,0,SES-0007-D
TRD-N206,2026-05-21 11:29:40,T-0008,A-0008,INFY,SELL,700,1878.00,EXECUTED,0,SES-0008-D
TRD-N207,2026-05-21 11:32:04,T-0009,A-0009,TCS,BUY,2000,3900.00,EXECUTED,0,SES-0009-D
TRD-N208,2026-05-21 11:34:28,T-0010,A-0010,ICICIBANK,SELL,1200,1174.00,EXECUTED,0,SES-0010-D
TRD-N209,2026-05-21 11:36:53,T-0011,A-0011,WIPRO,BUY,500,506.00,EXECUTED,0,SES-0011-D
TRD-N210,2026-05-21 11:39:17,T-0012,A-0012,SBIN,SELL,1500,829.00,EXECUTED,0,SES-0012-D
TRD-N211,2026-05-21 11:41:41,T-0013,A-0013,HDFCBANK,BUY,800,1654.50,EXECUTED,0,SES-0013-D
TRD-N212,2026-05-21 11:44:06,T-0014,A-0014,RELIANCE,SELL,400,2954.00,EXECUTED,0,SES-0014-D
TRD-N213,2026-05-21 11:46:30,T-0015,A-0015,INFY,BUY,1800,1879.00,EXECUTED,0,SES-0015-D
TRD-N214,2026-05-21 11:48:54,T-0016,A-0016,TCS,SELL,700,3902.00,CANCELLED,1300,SES-0016-D
TRD-N215,2026-05-21 11:51:19,T-0017,A-0017,ICICIBANK,BUY,2500,1176.00,EXECUTED,0,SES-0017-D
TRD-N216,2026-05-21 11:53:43,T-0018,A-0018,WIPRO,SELL,1000,507.50,EXECUTED,0,SES-0018-D
TRD-N217,2026-05-21 11:56:07,T-0019,A-0019,SBIN,BUY,1200,830.50,EXECUTED,0,SES-0019-D
TRD-N218,2026-05-21 11:58:32,T-0020,A-0020,HDFCBANK,SELL,600,1656.00,EXECUTED,0,SES-0020-D
TRD-N219,2026-05-21 12:00:56,T-0021,A-0021,RELIANCE,BUY,1500,2956.00,EXECUTED,0,SES-0021-D
TRD-N220,2026-05-21 12:03:20,T-0022,A-0022,INFY,SELL,300,1881.00,EXECUTED,0,SES-0022-D
TRD-N221,2026-05-21 12:05:45,T-0023,A-0023,TCS,BUY,900,3905.00,EXECUTED,0,SES-0023-D
TRD-N222,2026-05-21 12:08:09,T-0024,A-0024,ICICIBANK,SELL,2000,1178.00,EXECUTED,0,SES-0024-D
TRD-N223,2026-05-21 12:10:33,T-0025,A-0025,WIPRO,BUY,1400,509.00,EXECUTED,0,SES-0025-D
TRD-N224,2026-05-21 12:12:58,T-0026,A-0026,SBIN,SELL,800,832.00,CANCELLED,1500,SES-0026-D
TRD-N225,2026-05-21 12:15:22,T-0027,A-0027,HDFCBANK,BUY,1000,1657.50,EXECUTED,0,SES-0027-D
TRD-N226,2026-05-21 12:17:46,T-0028,A-0028,RELIANCE,SELL,500,2958.00,EXECUTED,0,SES-0028-D
TRD-N227,2026-05-21 12:20:11,T-0029,A-0029,INFY,BUY,1200,1882.00,EXECUTED,0,SES-0029-D
TRD-N228,2026-05-21 12:22:35,T-0030,A-0030,TCS,SELL,1800,3908.00,EXECUTED,0,SES-0030-D
TRD-N229,2026-05-21 12:24:59,T-0031,A-0031,ICICIBANK,BUY,700,1180.00,EXECUTED,0,SES-0031-D
TRD-N230,2026-05-21 12:27:24,T-0032,A-0032,WIPRO,SELL,2500,510.50,EXECUTED,0,SES-0032-D
TRD-N231,2026-05-21 12:29:48,T-0033,A-0033,SBIN,BUY,400,833.50,EXECUTED,0,SES-0033-D
TRD-N232,2026-05-21 12:32:12,T-0034,A-0034,HDFCBANK,SELL,1500,1659.00,EXECUTED,0,SES-0034-D
TRD-N233,2026-05-21 12:34:37,T-0035,A-0035,RELIANCE,BUY,900,2960.00,EXECUTED,0,SES-0035-D
TRD-N234,2026-05-21 12:37:01,T-0036,A-0036,INFY,SELL,600,1884.00,EXECUTED,0,SES-0036-D
TRD-N235,2026-05-21 12:39:25,T-0037,A-0037,TCS,BUY,2000,3910.00,CANCELLED,1700,SES-0037-D
TRD-N236,2026-05-21 12:41:50,T-0038,A-0038,ICICIBANK,SELL,1200,1182.00,EXECUTED,0,SES-0038-D
TRD-N237,2026-05-21 12:44:14,T-0039,A-0039,WIPRO,BUY,800,512.00,EXECUTED,0,SES-0039-D
TRD-N238,2026-05-21 12:46:38,T-0040,A-0040,SBIN,SELL,1800,835.00,EXECUTED,0,SES-0040-D
TRD-N239,2026-05-21 12:49:03,T-0041,A-0041,HDFCBANK,BUY,300,1660.50,EXECUTED,0,SES-0041-D
TRD-N240,2026-05-21 12:51:27,T-0042,A-0042,RELIANCE,SELL,1000,2962.00,EXECUTED,0,SES-0042-D
TRD-N241,2026-05-22 09:15:15,T-0043,A-0043,INFY,BUY,700,1885.00,EXECUTED,0,SES-0043-E
TRD-N242,2026-05-22 09:17:39,T-0044,A-0044,TCS,SELL,1400,3912.00,EXECUTED,0,SES-0044-E
TRD-N243,2026-05-22 09:20:04,T-0045,A-0045,ICICIBANK,BUY,2000,1184.00,EXECUTED,0,SES-0045-E
TRD-N244,2026-05-22 09:22:28,T-0046,A-0046,WIPRO,SELL,500,513.50,EXECUTED,0,SES-0046-E
TRD-N245,2026-05-22 09:24:52,T-0047,A-0047,SBIN,BUY,1200,836.50,CANCELLED,2000,SES-0047-E
TRD-N246,2026-05-22 09:27:17,T-0048,A-0048,HDFCBANK,SELL,900,1662.00,EXECUTED,0,SES-0048-E
TRD-N247,2026-05-22 09:29:41,T-0049,A-0049,RELIANCE,BUY,1500,2964.00,EXECUTED,0,SES-0049-E
TRD-N248,2026-05-22 09:32:05,T-0050,A-0050,INFY,SELL,400,1887.00,EXECUTED,0,SES-0050-E
TRD-N249,2026-05-22 09:34:30,T-0051,A-0051,TCS,BUY,1800,3915.00,EXECUTED,0,SES-0051-E
TRD-N250,2026-05-22 09:36:54,T-0052,A-0052,ICICIBANK,SELL,700,1186.00,EXECUTED,0,SES-0052-E
TRD-N251,2026-05-22 09:39:18,T-0053,A-0053,WIPRO,BUY,2500,515.00,EXECUTED,0,SES-0053-E
TRD-N252,2026-05-22 09:41:43,T-0054,A-0054,SBIN,SELL,1000,838.00,EXECUTED,0,SES-0054-E
TRD-N253,2026-05-22 09:44:07,T-0055,A-0055,HDFCBANK,BUY,600,1663.50,EXECUTED,0,SES-0055-E
TRD-N254,2026-05-22 09:46:31,T-0056,A-0056,RELIANCE,SELL,1200,2966.00,EXECUTED,0,SES-0056-E
TRD-N255,2026-05-22 09:48:56,T-0057,A-0057,INFY,BUY,300,1888.00,EXECUTED,0,SES-0057-E
TRD-N256,2026-05-22 09:51:20,T-0058,A-0058,TCS,SELL,2000,3918.00,CANCELLED,1200,SES-0058-E
TRD-N257,2026-05-22 09:53:44,T-0059,A-0059,ICICIBANK,BUY,1500,1188.00,EXECUTED,0,SES-0059-E
TRD-N258,2026-05-22 09:56:09,T-0060,A-0060,WIPRO,SELL,800,516.50,EXECUTED,0,SES-0060-E
TRD-N259,2026-05-22 09:58:33,T-0061,A-0061,SBIN,BUY,400,839.50,EXECUTED,0,SES-0061-E
TRD-N260,2026-05-22 10:00:57,T-0062,A-0062,HDFCBANK,SELL,1800,1665.00,EXECUTED,0,SES-0062-E
TRD-N261,2026-05-22 10:03:22,T-0063,A-0063,RELIANCE,BUY,700,2968.00,EXECUTED,0,SES-0063-E
TRD-N262,2026-05-22 10:05:46,T-0064,A-0064,INFY,SELL,1000,1890.00,EXECUTED,0,SES-0064-E
TRD-N263,2026-05-22 10:08:10,T-0065,A-0065,TCS,BUY,500,3920.00,EXECUTED,0,SES-0065-E
TRD-N264,2026-05-22 10:10:35,T-0066,A-0066,ICICIBANK,SELL,2500,1190.00,EXECUTED,0,SES-0066-E
TRD-N265,2026-05-22 10:12:59,T-0067,A-0067,WIPRO,BUY,1200,518.00,EXECUTED,0,SES-0067-E
TRD-N266,2026-05-22 10:15:23,T-0068,A-0068,SBIN,SELL,900,841.00,EXECUTED,0,SES-0068-E
TRD-N267,2026-05-22 10:17:48,T-0069,A-0069,HDFCBANK,BUY,1500,1666.50,CANCELLED,1900,SES-0069-E
TRD-N268,2026-05-22 10:20:12,T-0070,A-0070,RELIANCE,SELL,600,2970.00,EXECUTED,0,SES-0070-E
TRD-N269,2026-05-22 10:22:36,T-0071,A-0071,INFY,BUY,2000,1891.00,EXECUTED,0,SES-0071-E
TRD-N270,2026-05-22 10:25:01,T-0072,A-0072,TCS,SELL,1400,3922.00,EXECUTED,0,SES-0072-E
TRD-N271,2026-05-22 10:27:25,T-0073,A-0073,ICICIBANK,BUY,800,1192.00,EXECUTED,0,SES-0073-E
TRD-N272,2026-05-22 10:29:49,T-0074,A-0074,WIPRO,SELL,1800,519.50,EXECUTED,0,SES-0074-E
TRD-N273,2026-05-22 10:32:14,T-0075,A-0075,SBIN,BUY,700,842.50,EXECUTED,0,SES-0075-E
TRD-N274,2026-05-22 10:34:38,T-0076,A-0076,HDFCBANK,SELL,300,1668.00,EXECUTED,0,SES-0076-E
TRD-N275,2026-05-22 10:37:02,T-0077,A-0077,RELIANCE,BUY,2500,2972.00,EXECUTED,0,SES-0077-E
TRD-N276,2026-05-22 10:39:27,T-0078,A-0078,INFY,SELL,1200,1893.00,EXECUTED,0,SES-0078-E
TRD-N277,2026-05-22 10:41:51,T-0079,A-0079,TCS,BUY,500,3925.00,EXECUTED,0,SES-0079-E
TRD-N278,2026-05-22 10:44:15,T-0080,A-0080,ICICIBANK,SELL,1000,1194.00,CANCELLED,1600,SES-0080-E
TRD-N279,2026-05-22 10:46:40,T-0081,A-0081,WIPRO,BUY,2000,521.00,EXECUTED,0,SES-0081-E
TRD-N280,2026-05-22 10:49:04,T-0082,A-0082,SBIN,SELL,1500,844.00,EXECUTED,0,SES-0082-E
TRD-N281,2026-05-22 10:51:28,T-0083,A-0083,HDFCBANK,BUY,900,1669.50,EXECUTED,0,SES-0083-E
TRD-N282,2026-05-22 10:53:53,T-0084,A-0084,RELIANCE,SELL,400,2974.00,EXECUTED,0,SES-0084-E
TRD-N283,2026-05-22 10:56:17,T-0085,A-0085,INFY,BUY,1800,1894.00,EXECUTED,0,SES-0085-E
TRD-N284,2026-05-22 10:58:41,T-0086,A-0086,TCS,SELL,700,3928.00,EXECUTED,0,SES-0086-E
TRD-N285,2026-05-22 11:01:06,T-0087,A-0087,ICICIBANK,BUY,600,1196.00,EXECUTED,0,SES-0087-E
TRD-N286,2026-05-22 11:03:30,T-0088,A-0088,WIPRO,SELL,2500,522.50,EXECUTED,0,SES-0088-E
TRD-N287,2026-05-22 11:05:54,T-0089,A-0089,SBIN,BUY,1200,845.50,EXECUTED,0,SES-0089-E
TRD-N288,2026-05-22 11:08:19,T-0090,A-0090,HDFCBANK,SELL,500,1671.00,CANCELLED,2200,SES-0090-E
TRD-N289,2026-05-22 11:10:43,T-0091,A-0091,RELIANCE,BUY,800,2976.00,EXECUTED,0,SES-0091-E
TRD-N290,2026-05-22 11:13:07,T-0092,A-0092,INFY,SELL,1500,1896.00,EXECUTED,0,SES-0092-E
TRD-N291,2026-05-22 11:15:32,T-0093,A-0093,TCS,BUY,1000,3930.00,EXECUTED,0,SES-0093-E
TRD-N292,2026-05-22 11:17:56,T-0094,A-0094,ICICIBANK,SELL,2000,1198.00,EXECUTED,0,SES-0094-E
TRD-N293,2026-05-22 11:20:20,T-0095,A-0095,WIPRO,BUY,400,524.00,EXECUTED,0,SES-0095-E
TRD-N294,2026-05-22 11:22:45,T-0096,A-0096,SBIN,SELL,1800,847.00,EXECUTED,0,SES-0096-E
TRD-N295,2026-05-22 11:25:09,T-0097,A-0097,HDFCBANK,BUY,700,1672.50,EXECUTED,0,SES-0097-E
TRD-N296,2026-05-22 11:27:33,T-0098,A-0098,RELIANCE,SELL,1200,2978.00,EXECUTED,0,SES-0098-E
TRD-N297,2026-05-22 11:32:22,T-0099,A-0099,INFY,BUY,900,1897.00,EXECUTED,0,SES-0099-E
TRD-N298,2026-05-22 13:15:00,T-0001,A-0001,TCS,SELL,1500,3932.00,EXECUTED,0,SES-0001-F
TRD-N299,2026-05-22 14:22:30,T-0002,A-0002,WIPRO,BUY,600,525.50,EXECUTED,0,SES-0002-F
TRD-N300,2026-05-22 15:28:45,T-0003,A-0003,SBIN,SELL,2000,848.50,EXECUTED,0,SES-0003-F
